IP,ORIGIN,CERT_DOMAIN,CERT_ISSUER,GEO_CODE
140.245.43.148,140.245.43.148,mywoiden3.linkpc.net,ZeroSSL,N/A
140.245.43.133,140.245.43.133,dev.ociug.com,Google Trust Services LLC,N/A
140.245.43.82,140.245.43.82,CloudFlare Origin Certificate,"CloudFlare, Inc.",N/A
140.245.43.147,140.245.43.147,www.google.com,Google Trust Services,N/A
140.245.43.124,140.245.43.124,localhost,FIT2CLOUD,N/A
140.245.43.216,140.245.43.216,localhost,FIT2CLOUD,N/A
140.245.43.48,140.245.43.48,api.hotaruapi.top,Let's Encrypt,N/A
140.245.43.222,140.245.43.222,2349090.xyz,Let's Encrypt,N/A
140.245.42.202,140.245.42.202,fm1104.us.kg,Let's Encrypt,N/A
140.245.42.199,140.245.42.199,fe.googletogoogle.com,Let's Encrypt,N/A
140.245.42.163,140.245.42.163,aeinfias.com,Let's Encrypt,N/A
140.245.44.79,140.245.44.79,*.zoom.us,DigiCert Inc,N/A
140.245.42.200,140.245.42.200,tz.zhongrelx.eu.org,Let's Encrypt,N/A
140.245.42.117,140.245.42.117,admin.dulavpn.store,Let's Encrypt,N/A
140.245.42.89,140.245.42.89,sgfour.oxpp.com,Let's Encrypt,N/A
140.245.42.78,140.245.42.78,mitu.quocanhit.com,Let's Encrypt,N/A
140.245.44.164,140.245.44.164,CloudFlare Origin Certificate,"CloudFlare, Inc.",N/A
140.245.42.49,140.245.42.49,sgr1.366661.xyz,Let's Encrypt,N/A
140.245.42.53,140.245.42.53,Common Name,Organization,N/A
140.245.42.30,140.245.42.30,*.zoom.us,DigiCert Inc,N/A
140.245.44.224,140.245.44.224,555113.xyz,Let's Encrypt,N/A
140.245.44.241,140.245.44.241,588068.xyz,Let's Encrypt,N/A
140.245.44.232,140.245.44.232,localhost,FIT2CLOUD,N/A
140.245.44.244,140.245.44.244,warehousedoor.store,Let's Encrypt,N/A
140.245.42.2,140.245.42.2,oracle-1.tmtunnels.tech,Let's Encrypt,N/A
140.245.45.10,140.245.45.10,yahoo.com,DigiCert Inc,N/A
140.245.45.16,140.245.45.16,*.dmkk.cloudns.nz,Let's Encrypt,N/A
140.245.45.56,140.245.45.56,linux-go.site,Let's Encrypt,N/A
140.245.45.69,140.245.45.69,Lucky,lucky666CN,N/A
140.245.41.139,140.245.41.139,nurture.icoc.org.tw,Let's Encrypt,N/A
140.245.45.117,140.245.45.117,jtree.kr,Let's Encrypt,N/A
140.245.45.120,140.245.45.120,sgx.emby.trade,Let's Encrypt,N/A
140.245.45.168,140.245.45.168,*.zoom.us,DigiCert Inc,N/A
140.245.45.91,140.245.45.91,redash.sicpama.com,Let's Encrypt,N/A
140.245.41.58,140.245.41.58,adibdev.me,Let's Encrypt,N/A
140.245.41.73,140.245.41.73,5050.linkpc.net,Let's Encrypt,N/A
140.245.41.46,140.245.41.46,admin-api.nnnotix.com,Let's Encrypt,N/A
140.245.41.30,140.245.41.30,ipfokus.akses.win,Let's Encrypt,N/A
140.245.41.26,140.245.41.26,hcp.coshter.shop,Let's Encrypt,N/A
140.245.41.15,140.245.41.15,oneds.org,Let's Encrypt,N/A
140.245.41.11,140.245.41.11,ucoeo.com,Let's Encrypt,N/A
140.245.40.221,140.245.40.221,game.586vip.cn,Let's Encrypt,N/A
140.245.40.219,140.245.40.219,bt.337845818.cc,Let's Encrypt,N/A
140.245.41.12,140.245.41.12,Common Name,Organization,N/A
140.245.46.53,140.245.46.53,localhost,FIT2CLOUD,N/A
140.245.40.164,140.245.40.164,cbnotes.com,Let's Encrypt,N/A
140.245.46.72,140.245.46.72,docker.qcwolf.com,Let's Encrypt,N/A
140.245.40.144,140.245.40.144,*.191008.xyz,Let's Encrypt,N/A
140.245.40.142,140.245.40.142,api-aaa.fenliu.cm,Let's Encrypt,N/A
140.245.40.141,140.245.40.141,Common Name,Organization,N/A
140.245.46.140,140.245.46.140,Cloudflare,"Cloudflare, Inc.",N/A
140.245.46.182,140.245.46.182,8760000.xyz,Let's Encrypt,N/A
140.245.40.35,140.245.40.35,famisense.app,Let's Encrypt,N/A
140.245.46.206,140.245.46.206,oracle.smslog.in,Let's Encrypt,N/A
140.245.40.14,140.245.40.14,CloudFlare Origin Certificate,"CloudFlare, Inc.",N/A
140.245.46.227,140.245.46.227,arpsso.j0yy.com,Let's Encrypt,N/A
140.245.46.233,140.245.46.233,inlate.com,Let's Encrypt,N/A
140.245.47.4,140.245.47.4,hcp.globalmigrant.biz.id,Let's Encrypt,N/A
140.245.39.210,140.245.39.210,oracle-sg2.bili.me,Let's Encrypt,N/A
140.245.39.172,140.245.39.172,hcp.intactagro.net,Let's Encrypt,N/A
140.245.39.169,140.245.39.169,arm2.sgp2.seiry.eu.org,Let's Encrypt,N/A
140.245.47.68,140.245.47.68,Kubernetes Ingress Controller Fake Certificate,Acme Co,N/A
140.245.47.78,140.245.47.78,CloudFlare Origin Certificate,"CloudFlare, Inc.",N/A
140.245.39.151,140.245.39.151,localhost,FIT2CLOUD,N/A
140.245.39.134,140.245.39.134,Kubernetes Ingress Controller Fake Certificate,Acme Co,N/A
140.245.47.115,140.245.47.115,iagro.cpnit.com,Let's Encrypt,N/A
140.245.47.130,140.245.47.130,lab.covai.org,Let's Encrypt,N/A
140.245.39.98,140.245.39.98,dh.qudesign.cn,Let's Encrypt,N/A
140.245.47.129,140.245.47.129,Kubernetes Ingress Controller Fake Certificate,Acme Co,N/A
140.245.39.136,140.245.39.136,Cloudflare,"Cloudflare, Inc.",N/A
140.245.47.150,140.245.47.150,localhost,FIT2CLOUD,N/A
140.245.47.146,140.245.47.146,CloudFlare Origin Certificate,"CloudFlare, Inc.",N/A
140.245.39.73,140.245.39.73,img.qezc.com,Sectigo Limited,N/A
140.245.47.183,140.245.47.183,*.rtx.al,Let's Encrypt,N/A
140.245.39.50,140.245.39.50,localhost,FIT2CLOUD,N/A
140.245.47.201,140.245.47.201,cobalt.gongj.top,Let's Encrypt,N/A
140.245.39.8,140.245.39.8,CloudFlare Origin Certificate,"CloudFlare, Inc.",N/A
140.245.39.1,140.245.39.1,sg4.151525.xyz,Let's Encrypt,N/A
140.245.38.248,140.245.38.248,probe.srhaze.com,Let's Encrypt,N/A
140.245.47.238,140.245.47.238,963888.xyz,Let's Encrypt,N/A
140.245.47.240,140.245.47.240,mail.scun.edu.gr,ZeroSSL,N/A
140.245.47.236,140.245.47.236,oracle.7yuedefeng.top,Organization,N/A
140.245.48.19,140.245.48.19,oracle.tmtunnels.tech,Let's Encrypt,N/A
140.245.48.25,140.245.48.25,mail.nexbeacon.com,Let's Encrypt,N/A
140.245.48.22,140.245.48.22,*.maya.st,Let's Encrypt,N/A
140.245.48.42,140.245.48.42,garden.nawan.my.id,Let's Encrypt,N/A
140.245.38.195,140.245.38.195,api-pan.85la.com,Let's Encrypt,N/A
140.245.48.28,140.245.48.28,CloudFlare Origin Certificate,"CloudFlare, Inc.",N/A
140.245.38.167,140.245.38.167,auralogic.online,Let's Encrypt,N/A
140.245.48.65,140.245.48.65,o.199507.xyz,Let's Encrypt,N/A
140.245.38.145,140.245.38.145,prmup.com,Let's Encrypt,N/A
140.245.38.136,140.245.38.136,test.adugcd77.dpdns.org,Let's Encrypt,N/A
140.245.38.132,140.245.38.132,anjayserver.my.id,Let's Encrypt,N/A
140.245.38.125,140.245.38.125,Cloudflare,"Cloudflare, Inc.",N/A
140.245.48.114,140.245.48.114,ocs-spw.2615948.xyz,Let's Encrypt,N/A
140.245.48.139,140.245.48.139,01z.one,Let's Encrypt,N/A
140.245.38.85,140.245.38.85,localhost,FIT2CLOUD,N/A
140.245.48.172,140.245.48.172,*.maya.st,Let's Encrypt,N/A
140.245.38.58,140.245.38.58,xjp.1022111.xyz,Let's Encrypt,N/A
140.245.48.191,140.245.48.191,Lucky,lucky666CN,N/A
140.245.48.205,140.245.48.205,srilanka.crazyhearthacker.shop,Let's Encrypt,N/A
140.245.48.202,140.245.48.202,Kubernetes Ingress Controller Fake Certificate,Acme Co,N/A
140.245.38.40,140.245.38.40,bot.wahlau.eu.org,Let's Encrypt,N/A
140.245.48.212,140.245.48.212,n.sni-347-default.ssl.fastly.net,GlobalSign nv-sa,N/A
140.245.38.8,140.245.38.8,images.apple.com,Apple Inc.,N/A
140.245.37.240,140.245.37.240,Oracle,Oracle Corporation,N/A
140.245.37.228,140.245.37.228,bt.lhb888.top,"TrustAsia Technologies, Inc.",N/A
140.245.49.5,140.245.49.5,lyfz.de,Let's Encrypt,N/A
140.245.49.14,140.245.49.14,hcp.cis.dedyn.io,Hestia Control Panel,N/A
140.245.37.195,140.245.37.195,feishu-open.com,Let's Encrypt,N/A
140.245.37.187,140.245.37.187,123,123,N/A
140.245.37.148,140.245.37.148,api.zixiwu.cn,Let's Encrypt,N/A
140.245.49.100,140.245.49.100,panel.sifat.se,Let's Encrypt,N/A
140.245.37.132,140.245.37.132,cdn.freeorg.gq,Let's Encrypt,N/A
140.245.49.117,140.245.49.117,drharis.my,ZeroSSL,N/A
140.245.49.115,140.245.49.115,Common Name,Organization,N/A
140.245.37.97,140.245.37.97,localhost,FIT2CLOUD,N/A
140.245.37.86,140.245.37.86,pro.cunshao.me,Let's Encrypt,N/A
140.245.49.147,140.245.49.147,bill.cloudnet.one,Let's Encrypt,N/A
140.245.37.83,140.245.37.83,im.baiyangjiasu.com,"TrustAsia Technologies, Inc.",N/A
140.245.37.89,140.245.37.89,Common Name,Organization,N/A
140.245.37.63,140.245.37.63,localhost,FIT2CLOUD,N/A
140.245.49.171,140.245.49.171,blackhole,Dis,N/A
140.245.37.52,140.245.37.52,witchery.cc,Let's Encrypt,N/A
140.245.37.77,140.245.37.77,aapanelvps2.peliter.com,Let's Encrypt,N/A
140.245.49.191,140.245.49.191,sgx2.bimlee.com,Let's Encrypt,N/A
140.245.49.193,140.245.49.193,Kubernetes Ingress Controller Fake Certificate,Acme Co,N/A
140.245.37.38,140.245.37.38,www.cloudflare.com,Google Trust Services,N/A
140.245.49.204,140.245.49.204,localhost,Internet Widgits Pty Ltd,N/A
140.245.49.225,140.245.49.225,Kubernetes Ingress Controller Fake Certificate,Acme Co,N/A
140.245.49.228,140.245.49.228,FortiGate,Fortinet,N/A
140.245.36.255,140.245.36.255,Common Name,Organization,N/A
140.245.36.231,140.245.36.231,gitlab.diningconnect.com,Let's Encrypt,N/A
140.245.37.9,140.245.37.9,Common Name,Organization,N/A
140.245.36.224,140.245.36.224,CloudFlare Origin Certificate,"CloudFlare, Inc.",N/A
140.245.36.220,140.245.36.220,Common Name,Organization,N/A
140.245.50.2,140.245.50.2,www.google.com,Google Trust Services,N/A
140.245.36.202,140.245.36.202,me.born.nyc.mn,Let's Encrypt,N/A
140.245.36.201,140.245.36.201,hcp.qiangkewang.com,Let's Encrypt,N/A
140.245.36.191,140.245.36.191,Common Name,Organization,N/A
140.245.50.43,140.245.50.43,www.google.com,Google Trust Services,N/A
140.245.50.37,140.245.50.37,yahoo.com,DigiCert Inc,N/A
140.245.36.178,140.245.36.178,antifraud.gov.cn,GFW,N/A
140.245.50.59,140.245.50.59,no-sni.vercel-infra.com,Let's Encrypt,N/A
140.245.36.211,140.245.36.211,Common Name,Organization,N/A
140.245.50.50,140.245.50.50,min.185193.xyz,Let's Encrypt,N/A
140.245.36.161,140.245.36.161,localhost,FIT2CLOUD,N/A
140.245.50.109,140.245.50.109,ebook.rameses.win,Let's Encrypt,N/A
140.245.36.121,140.245.36.121,kimihiro.site,"TrustAsia Technologies, Inc.",N/A
140.245.50.112,140.245.50.112,www.52o.org,Let's Encrypt,N/A
140.245.36.103,140.245.36.103,cplus.app,Let's Encrypt,N/A
140.245.50.145,140.245.50.145,140.245.50.145,ZeroSSL,N/A
140.245.50.150,140.245.50.150,blog.cotfu.com,Let's Encrypt,N/A
140.245.36.83,140.245.36.83,sgxiarm1.050005.xyz,Let's Encrypt,N/A
140.245.50.166,140.245.50.166,CloudFlare Origin Certificate,"CloudFlare, Inc.",N/A
140.245.50.172,140.245.50.172,Lucky,lucky666CN,N/A
140.245.50.202,140.245.50.202,sg4.022888.xyz,Let's Encrypt,N/A
140.245.36.25,140.245.36.25,reroute443.microsoft.com,Microsoft Corporation,N/A
140.245.36.19,140.245.36.19,4ss.store,Let's Encrypt,N/A
140.245.36.8,140.245.36.8,open.ainiya.de,Let's Encrypt,N/A
140.245.35.253,140.245.35.253,Lucky,lucky666CN,N/A
140.245.35.248,140.245.35.248,CloudFlare Origin Certificate,"CloudFlare, Inc.",N/A
140.245.35.214,140.245.35.214,Common Name,Organization,N/A
140.245.35.207,140.245.35.207,pan.sptra.org,Let's Encrypt,N/A
140.245.35.211,140.245.35.211,*.imwyatt.com,Let's Encrypt,N/A
140.245.51.53,140.245.51.53,hjgl.sscenter.edu.kg,Let's Encrypt,N/A
140.245.51.15,140.245.51.15,alist.compile.top,Let's Encrypt,N/A
140.245.35.161,140.245.35.161,Common Name,Organization,N/A
140.245.35.145,140.245.35.145,ols,LiteSpeedCommunity,N/A
140.245.35.137,140.245.35.137,CloudFlare Origin Certificate,"CloudFlare, Inc.",N/A
140.245.35.144,140.245.35.144,wyyqyl.cf,ZeroSSL,N/A
140.245.51.101,140.245.51.101,currency.7746298.best,ZeroSSL,N/A
140.245.35.72,140.245.35.72,sgwestarm1.170913.xyz,Let's Encrypt,N/A
140.245.51.186,140.245.51.186,k.333939.xyz,Let's Encrypt,N/A
140.245.51.202,140.245.51.202,blog.970515.xyz,Let's Encrypt,N/A
140.245.35.19,140.245.35.19,sgw2.365711.xyz,ZeroSSL,N/A
140.245.51.216,140.245.51.216,localhost,FIT2CLOUD,N/A
140.245.35.12,140.245.35.12,file.yjtv.top,Let's Encrypt,N/A
140.245.51.238,140.245.51.238,pfSense-682618c8dcf5d,pfSense GUI default Self-Signed Certificate,N/A
140.245.34.226,140.245.34.226,sgp.337.plus,Let's Encrypt,N/A
140.245.52.45,140.245.52.45,n8n.coinpulse.click,Let's Encrypt,N/A
140.245.52.44,140.245.52.44,CloudFlare Origin Certificate,"CloudFlare, Inc.",N/A
140.245.52.46,140.245.52.46,Common Name,Organization,N/A
140.245.52.39,140.245.52.39,hestiacp.monika.id,Let's Encrypt,N/A
140.245.52.20,140.245.52.20,theadblocksg.duckdns.org,Let's Encrypt,N/A
140.245.52.34,140.245.52.34,chat.wenzi.me,Let's Encrypt,N/A
140.245.52.111,140.245.52.111,5.nfww.top,Let's Encrypt,N/A
140.245.52.100,140.245.52.100,Common Name,Organization,N/A
140.245.52.86,140.245.52.86,nhadanang.id.vn,Let's Encrypt,N/A
140.245.34.149,140.245.34.149,140.245.37.79,宝塔面板,N/A
140.245.34.77,140.245.34.77,bitrate.cc,Let's Encrypt,N/A
140.245.52.157,140.245.52.157,CloudFlare Origin Certificate,"CloudFlare, Inc.",N/A
140.245.52.161,140.245.52.161,www.pornhub.org,"Regery, https://regery.com",N/A
140.245.52.178,140.245.52.178,oracle-sg1.bili.me,Let's Encrypt,N/A
140.245.52.181,140.245.52.181,fluentfox.uk,Let's Encrypt,N/A
140.245.34.43,140.245.34.43,sg1.ruisheng.fun,Let's Encrypt,N/A
140.245.52.206,140.245.52.206,www.hantai.us.kg,Let's Encrypt,N/A
140.245.34.25,140.245.34.25,yahoo.com,DigiCert Inc,N/A
140.245.34.5,140.245.34.5,ora.sg.west.arm.runrm.com,Let's Encrypt,N/A
140.245.52.231,140.245.52.231,Kubernetes Ingress Controller Fake Certificate,Acme Co,N/A
140.245.53.5,140.245.53.5,cloudflare-dns.com,SSL Corp,N/A
140.245.33.243,140.245.33.243,blackhole,Dis,N/A
140.245.52.252,140.245.52.252,sirironvpn.raveenranadewa.quest,Let's Encrypt,N/A
140.245.33.202,140.245.33.202,Common Name,Organization,N/A
140.245.33.194,140.245.33.194,CloudFlare Origin Certificate,"CloudFlare, Inc.",N/A
140.245.53.43,140.245.53.43,Common Name,Organization,N/A
140.245.53.51,140.245.53.51,eru.tranchithien.com,Let's Encrypt,N/A
140.245.33.179,140.245.33.179,duronbuilding.com,Let's Encrypt,N/A
140.245.53.2,140.245.53.2,Common Name,Organization,N/A
140.245.33.156,140.245.33.156,website.ifctapp.com,Let's Encrypt,N/A
140.245.53.76,140.245.53.76,drharis.live,Let's Encrypt,N/A
140.245.53.92,140.245.53.92,api.dajaks.com,Let's Encrypt,N/A
140.245.33.139,140.245.33.139,hcp.mqie.com,Let's Encrypt,N/A
140.245.53.107,140.245.53.107,Common Name,Organization,N/A
140.245.53.130,140.245.53.130,m.suinian.com,Let's Encrypt,N/A
140.245.53.136,140.245.53.136,cloudflare-dns.com,SSL Corp,N/A
140.245.53.144,140.245.53.144,no-sni.vercel-infra.com,Let's Encrypt,N/A
140.245.53.160,140.245.53.160,az-contribute-origin.viki.com,Google Trust Services,N/A
140.245.53.141,140.245.53.141,*.lzamq.cc,Let's Encrypt,N/A
140.245.53.169,140.245.53.169,89i24.472747.xyz,Let's Encrypt,N/A
140.245.33.4,140.245.33.4,*.vantora.dpdns.org,Let's Encrypt,N/A
140.245.53.234,140.245.53.234,CloudFlare Origin Certificate,"CloudFlare, Inc.",N/A
140.245.53.248,140.245.53.248,aigos.cn,Let's Encrypt,N/A
140.245.53.251,140.245.53.251,sg3.151525.xyz,Let's Encrypt,N/A
140.245.54.2,140.245.54.2,s12s.dpdns.org,Let's Encrypt,N/A
140.245.54.5,140.245.54.5,*.844523.xyz,Let's Encrypt,N/A
140.245.54.8,140.245.54.8,CloudFlare Origin Certificate,"CloudFlare, Inc.",N/A
140.245.54.21,140.245.54.21,sgv4.364100.xyz,Let's Encrypt,N/A
140.245.54.36,140.245.54.36,sgw.izim.net,Let's Encrypt,N/A
140.245.54.60,140.245.54.60,sgp.tianya78968.eu.org,Let's Encrypt,N/A
140.245.32.140,140.245.32.140,dashboard.851213.xyz,Let's Encrypt,N/A
140.245.54.92,140.245.54.92,369456.xyz,Let's Encrypt,N/A
140.245.54.93,140.245.54.93,cfo.org-life.com,Let's Encrypt,N/A
140.245.32.87,140.245.32.87,Lucky,lucky666CN,N/A
140.245.32.85,140.245.32.85,localhost,VLESS,N/A
140.245.32.40,140.245.32.40,code-source.3069.cn,Let's Encrypt,N/A
140.245.32.15,140.245.32.15,Kubernetes Ingress Controller Fake Certificate,Acme Co,N/A
140.245.54.207,140.245.54.207,690917.xyz,Let's Encrypt,N/A
140.245.32.53,140.245.32.53,*.zhlnb.pp.ua,Let's Encrypt,N/A
140.245.54.252,140.245.54.252,dmkk.cloudns.nz,Let's Encrypt,N/A
140.245.31.237,140.245.31.237,cs.sheen888.xyz,Let's Encrypt,N/A
140.245.55.8,140.245.55.8,me.ciuai.com,Let's Encrypt,N/A
140.245.55.13,140.245.55.13,feishu-open.com,Let's Encrypt,N/A
140.245.54.243,140.245.54.243,odyssey.na.ddns-ip.net,Let's Encrypt,N/A
140.245.31.215,140.245.31.215,CloudFlare Origin Certificate,"CloudFlare, Inc.",N/A
140.245.55.7,140.245.55.7,cpn.nhat.top,Let's Encrypt,N/A
140.245.31.195,140.245.31.195,*.vconsol.com,Sectigo Limited,N/A
140.245.31.193,140.245.31.193,lendittapi.com,Sectigo Limited,N/A
140.245.31.167,140.245.31.167,rst.rstglobal.in,Let's Encrypt,N/A
140.245.55.14,140.245.55.14,CloudFlare Origin Certificate,"CloudFlare, Inc.",N/A
140.245.31.156,140.245.31.156,amarprayasgosthi.org,Let's Encrypt,N/A
140.245.55.41,140.245.55.41,api.zibll.com,幻想领域,N/A
140.245.55.111,140.245.55.111,CloudFlare Origin Certificate,"CloudFlare, Inc.",N/A
140.245.55.131,140.245.55.131,certof.com,Let's Encrypt,N/A
140.245.55.132,140.245.55.132,alifelonglove.net,Let's Encrypt,N/A
140.245.55.158,140.245.55.158,CloudFlare Origin Certificate,"CloudFlare, Inc.",N/A
140.245.31.63,140.245.31.63,admin.dev.pilotpariksha.com,Let's Encrypt,N/A
140.245.55.191,140.245.55.191,kingslayer-vpn.secwx.shop,Let's Encrypt,N/A
140.245.31.31,140.245.31.31,CloudFlare Origin Certificate,"CloudFlare, Inc.",N/A
140.245.31.28,140.245.31.28,dhwaz.com,Let's Encrypt,N/A
140.245.31.22,140.245.31.22,layvait.com,Let's Encrypt,N/A
140.245.55.216,140.245.55.216,dpbot.net,Let's Encrypt,N/A
140.245.55.230,140.245.55.230,jianzhumi.com,Let's Encrypt,N/A
140.245.30.215,140.245.30.215,mail.openxpert.net,mailcow,N/A
140.245.56.32,140.245.56.32,dh.qudesign.cn,Let's Encrypt,N/A
140.245.30.180,140.245.30.180,aapanel.rankdigiworld.com,Let's Encrypt,N/A
140.245.56.78,140.245.56.78,sg2.022888.xyz,Let's Encrypt,N/A
140.245.30.157,140.245.30.157,bustedkneecap.duckdns.org,Let's Encrypt,N/A
140.245.30.147,140.245.30.147,*.infracore.work,Let's Encrypt,N/A
140.245.56.126,140.245.56.126,cloud.thinkbetter.cc,Let's Encrypt,N/A
140.245.30.104,140.245.30.104,dcio.me,Let's Encrypt,N/A
140.245.56.122,140.245.56.122,images.apple.com,Apple Inc.,N/A
140.245.56.152,140.245.56.152,tkchen1107.us.kg,Let's Encrypt,N/A
140.245.56.158,140.245.56.158,ssh.53070605.xyz,Let's Encrypt,N/A
140.245.30.72,140.245.30.72,Kubernetes Ingress Controller Fake Certificate,Acme Co,N/A
140.245.30.61,140.245.30.61,psynormic.com,Let's Encrypt,N/A
140.245.30.60,140.245.30.60,svrreport.online,Let's Encrypt,N/A
140.245.30.29,140.245.30.29,omumbai1a.staging.livekit.app,Let's Encrypt,N/A
140.245.30.19,140.245.30.19,*.sanvi.net,Let's Encrypt,N/A
140.245.30.6,140.245.30.6,chatbot.onscene.pk,Let's Encrypt,N/A
140.245.29.252,140.245.29.252,mumbai.556688.xyz,Let's Encrypt,N/A
140.245.29.242,140.245.29.242,Kubernetes Ingress Controller Fake Certificate,Acme Co,N/A
140.245.29.172,140.245.29.172,mbarm1.cincloud.xyz,Let's Encrypt,N/A
140.245.57.55,140.245.57.55,*.eshapro.biz.id,Let's Encrypt,N/A
140.245.57.83,140.245.57.83,CloudFlare Origin Certificate,"CloudFlare, Inc.",N/A
140.245.29.151,140.245.29.151,aapnam.com,Let's Encrypt,N/A
140.245.29.150,140.245.29.150,joyy.com,"DigiCert, Inc.",N/A
140.245.57.99,140.245.57.99,localhost,FIT2CLOUD,N/A
140.245.29.136,140.245.29.136,n8n.devpact37.xyz,Let's Encrypt,N/A
140.245.29.130,140.245.29.130,ashfaqnabi.duckdns.org,Let's Encrypt,N/A
140.245.57.134,140.245.57.134,*.fuclau.de,Let's Encrypt,N/A
140.245.29.90,140.245.29.90,*.cloudlocal.host,Let's Encrypt,N/A
140.245.29.43,140.245.29.43,*.facemimic-ai.com,DigiCert Inc,N/A
140.245.57.234,140.245.57.234,ocs2-spw.2615948.xyz,Let's Encrypt,N/A
140.245.28.246,140.245.28.246,instance-20250323-1836,LiteSpeedCommunity,N/A
140.245.28.229,140.245.28.229,hcp.bluenile.in,Let's Encrypt,N/A
140.245.58.29,140.245.58.29,april.artoo.top,Let's Encrypt,N/A
140.245.58.46,140.245.58.46,yahoo.com,DigiCert Inc,N/A
140.245.28.163,140.245.28.163,akrity-oss.hotnow.site,Let's Encrypt,N/A
140.245.58.82,140.245.58.82,test.top2fa.com,Hestia Control Panel,N/A
140.245.58.85,140.245.58.85,*.cxxblog.fun,Let's Encrypt,N/A
140.245.58.28,140.245.58.28,localhost,FIT2CLOUD,N/A
140.245.28.136,140.245.28.136,*.claimgenius.com,Sectigo Limited,N/A
140.245.28.102,140.245.28.102,bot.scalebot.in,Let's Encrypt,N/A
140.245.28.99,140.245.28.99,kushagraja.in,Let's Encrypt,N/A
140.245.58.165,140.245.58.165,layerzone.com,Let's Encrypt,N/A
140.245.28.58,140.245.28.58,*.imoulife.com,"DigiCert, Inc.",N/A
140.245.58.198,140.245.58.198,localhost,FIT2CLOUD,N/A
140.245.27.254,140.245.27.254,s3.revantgupta.com,Let's Encrypt,N/A
140.245.58.250,140.245.58.250,fliq.kozow.com,Let's Encrypt,N/A
140.245.27.238,140.245.27.238,u0.824989.com,u0.824989.com,N/A
140.245.27.204,140.245.27.204,cloud-alpha.kozow.com,Let's Encrypt,N/A
140.245.59.41,140.245.59.41,Common Name,Organization,N/A
140.245.59.63,140.245.59.63,no-sni.vercel-infra.com,Let's Encrypt,N/A
140.245.59.68,140.245.59.68,sgwestarm2.170913.xyz,Let's Encrypt,N/A
140.245.27.137,140.245.27.137,booking.tiehotel.com,Let's Encrypt,N/A
140.245.59.105,140.245.59.105,ocs-spw.2615948.xyz,Let's Encrypt,N/A
140.245.59.107,140.245.59.107,summlee.tk,Let's Encrypt,N/A
140.245.27.126,140.245.27.126,shiner.ai,Let's Encrypt,N/A
140.245.59.115,140.245.59.115,sb.music.apple.com,Apple Inc.,N/A
140.245.27.78,140.245.27.78,jointeams.dpdns.org,Let's Encrypt,N/A
140.245.27.74,140.245.27.74,*.vconsol.com,Sectigo Limited,N/A
140.245.27.46,140.245.27.46,CloudFlare Origin Certificate,"CloudFlare, Inc.",N/A
140.245.59.220,140.245.59.220,sg1.ipi.pp.ua,Let's Encrypt,N/A
140.245.59.225,140.245.59.225,app.barkahfadhil.com,Let's Encrypt,N/A
140.245.26.247,140.245.26.247,CloudFlare Origin Certificate,"CloudFlare, Inc.",N/A
140.245.26.245,140.245.26.245,*.vconsol.com,Sectigo Limited,N/A
140.245.59.245,140.245.59.245,*.zoom.us,DigiCert Inc,N/A
140.245.26.237,140.245.26.237,localhost,FIT2CLOUD,N/A
140.245.60.13,140.245.60.13,biji.chuidi.work,Let's Encrypt,N/A
140.245.26.204,140.245.26.204,Kubernetes Ingress Controller Fake Certificate,Acme Co,N/A
140.245.26.184,140.245.26.184,v2ray.dasunnimantha.com,Let's Encrypt,N/A
140.245.26.176,140.245.26.176,www.back2stores.com,Let's Encrypt,N/A
140.245.60.77,140.245.60.77,sg.9090990.xyz,Let's Encrypt,N/A
140.245.26.156,140.245.26.156,oci-apex.ebizframeai.com,Let's Encrypt,N/A
140.245.60.69,140.245.60.69,net.terry5.dpdns.org,Let's Encrypt,N/A
140.245.60.91,140.245.60.91,inlate.com,Let's Encrypt,N/A
140.245.60.96,140.245.60.96,chatboy.io,Let's Encrypt,N/A
140.245.60.108,140.245.60.108,lch.13982.com,Let's Encrypt,N/A
140.245.26.122,140.245.26.122,Kubernetes Ingress Controller Fake Certificate,Acme Co,N/A
140.245.60.125,140.245.60.125,vip.ur-1.cn,Let's Encrypt,N/A
140.245.26.95,140.245.26.95,Common Name,Organization,N/A
140.245.26.81,140.245.26.81,qopclothing.com,Let's Encrypt,N/A
140.245.26.52,140.245.26.52,minedrake.duckdns.org,Let's Encrypt,N/A
140.245.26.30,140.245.26.30,144.24.100.251,Clothwork,N/A
140.245.61.24,140.245.61.24,oracle.pasindutharusha.tech,Let's Encrypt,N/A
140.245.61.29,140.245.61.29,drk3111.eu.org,Let's Encrypt,N/A
140.245.61.63,140.245.61.63,888201.xyz,Let's Encrypt,N/A
140.245.61.65,140.245.61.65,panel.starmine.site,Let's Encrypt,N/A
140.245.25.171,140.245.25.171,sharesnap.in,Let's Encrypt,N/A
140.245.61.68,140.245.61.68,pms.diningconnect.com,Let's Encrypt,N/A
140.245.61.72,140.245.61.72,o5.100118.xyz,Let's Encrypt,N/A
140.245.25.161,140.245.25.161,shabdkosh.gauravcaprihan.com,Let's Encrypt,N/A
140.245.61.74,140.245.61.74,*.lzamq.cc,Let's Encrypt,N/A
140.245.61.84,140.245.61.84,future.yki.cc,Let's Encrypt,N/A
140.245.61.121,140.245.61.121,localhost,FIT2CLOUD,N/A
140.245.25.96,140.245.25.96,Kubernetes Ingress Controller Fake Certificate,Acme Co,N/A
140.245.25.93,140.245.25.93,dazno.duckdns.org,Let's Encrypt,N/A
140.245.61.150,140.245.61.150,Zoraxy Self-host,imuslab.com,N/A
140.245.61.155,140.245.61.155,Common Name,Organization,N/A
140.245.61.173,140.245.61.173,CloudFlare Origin Certificate,"CloudFlare, Inc.",N/A
140.245.25.46,140.245.25.46,*.finseva.in,Sectigo Limited,N/A
140.245.25.38,140.245.25.38,Generic SSL Certificate,NA,N/A
140.245.61.163,140.245.61.163,apple.com,SelfSigned,N/A
140.245.61.231,140.245.61.231,localhost,Kong,N/A
140.245.25.4,140.245.25.4,bojack.vip,Let's Encrypt,N/A
140.245.61.237,140.245.61.237,963888.xyz,Let's Encrypt,N/A
140.245.24.239,140.245.24.239,*.convay.com,Sectigo Limited,N/A
140.245.24.212,140.245.24.212,auth.primebyte.in,Let's Encrypt,N/A
140.245.62.53,140.245.62.53,audiobook.sapce.top,Let's Encrypt,N/A
140.245.24.139,140.245.24.139,ott.sandesh.qzz.io,Let's Encrypt,N/A
140.245.24.120,140.245.24.120,n8n.omiicreation.in,Let's Encrypt,N/A
140.245.24.116,140.245.24.116,bodhidham.raiserank.com.np,Let's Encrypt,N/A
140.245.62.139,140.245.62.139,Cloudflare,"Cloudflare, Inc.",N/A
140.245.24.87,140.245.24.87,api.kapicilarkrali.com.tr,Let's Encrypt,N/A
140.245.62.154,140.245.62.154,localhost,FIT2CLOUD,N/A
140.245.62.158,140.245.62.158,Kubernetes Ingress Controller Fake Certificate,Acme Co,N/A
140.245.62.168,140.245.62.168,CloudFlare Origin Certificate,"CloudFlare, Inc.",N/A
140.245.62.169,140.245.62.169,CloudFlare Origin Certificate,"CloudFlare, Inc.",N/A
140.245.24.56,140.245.24.56,n8nraban.gleeze.com,Let's Encrypt,N/A
140.245.24.41,140.245.24.41,ladakh.site,Let's Encrypt,N/A
140.245.24.36,140.245.24.36,subsshare.005552.xyz,Let's Encrypt,N/A
140.245.62.203,140.245.62.203,cfo.org-life.com,Let's Encrypt,N/A
140.245.62.182,140.245.62.182,Cloudflare,"Cloudflare, Inc.",N/A
140.245.24.3,140.245.24.3,theindianalpha.com,Let's Encrypt,N/A
140.245.62.234,140.245.62.234,CloudFlare Origin Certificate,"CloudFlare, Inc.",N/A
140.245.23.249,140.245.23.249,autoparts.flimson.com,Let's Encrypt,N/A
140.245.62.254,140.245.62.254,yahoo.com,DigiCert Inc,N/A
140.245.23.211,140.245.23.211,panel.sdglobal.in,Let's Encrypt,N/A
140.245.23.209,140.245.23.209,oracleserver.webzenia.com,Let's Encrypt,N/A
140.245.63.36,140.245.63.36,CloudFlare Origin Certificate,"CloudFlare, Inc.",N/A
140.245.23.196,140.245.23.196,server2.mailfo.xyz,Hestia Control Panel,N/A
140.245.63.53,140.245.63.53,localhost,Internet Widgits Pty Ltd,N/A
140.245.63.55,140.245.63.55,FortiGate,Fortinet,N/A
140.245.23.174,140.245.23.174,gamesandstuff.dedyn.io,Let's Encrypt,N/A
140.245.23.166,140.245.23.166,*.facemimic-ai.com,DigiCert Inc,N/A
140.245.63.87,140.245.63.87,cloudflare-dns.com,SSL Corp,N/A
140.245.23.143,140.245.23.143,Kubernetes Ingress Controller Fake Certificate,Acme Co,N/A
140.245.23.140,140.245.23.140,www.vbox.au,Hestia Control Panel,N/A
140.245.63.100,140.245.63.100,wvpsxjp.ixiaoxin520.sbs,Let's Encrypt,N/A
140.245.23.122,140.245.23.122,CloudFlare Origin Certificate,"CloudFlare, Inc.",N/A
140.245.23.119,140.245.23.119,o.patil.cc,Hestia Control Panel,N/A
140.245.23.57,140.245.23.57,vedicastrohub.com,Let's Encrypt,N/A
140.245.23.40,140.245.23.40,sslablk.com,Let's Encrypt,N/A
140.245.23.32,140.245.23.32,joyy.com,"DigiCert, Inc.",N/A
140.245.23.22,140.245.23.22,*.vconsol.com,Sectigo Limited,N/A
140.245.22.247,140.245.22.247,ravi.ravikumar.live,Let's Encrypt,N/A
140.245.22.162,140.245.22.162,infinity.vunat.in,Let's Encrypt,N/A
140.245.22.141,140.245.22.141,plex.srkh.in,Let's Encrypt,N/A
140.245.22.131,140.245.22.131,*.tachyontracer.in,Let's Encrypt,N/A
140.245.22.123,140.245.22.123,Kubernetes Ingress Controller Fake Certificate,Acme Co,N/A
140.245.22.116,140.245.22.116,Kubernetes Ingress Controller Fake Certificate,Acme Co,N/A
140.245.22.98,140.245.22.98,jangrahul.top,Let's Encrypt,N/A
140.245.22.96,140.245.22.96,*.rebuildsucceeded.com,Let's Encrypt,N/A
140.245.22.79,140.245.22.79,busi.saramhashmi.com,Let's Encrypt,N/A
140.245.64.160,140.245.64.160,tnt-intl.co.kr,Let's Encrypt,N/A
140.245.64.173,140.245.64.173,beta.changple.ai,Let's Encrypt,N/A
140.245.64.178,140.245.64.178,wenect.duckdns.org,Let's Encrypt,N/A
140.245.22.46,140.245.22.46,CloudFlare Origin Certificate,"CloudFlare, Inc.",N/A
140.245.22.21,140.245.22.21,oci-mono.rahulraman.in,Let's Encrypt,N/A
140.245.22.7,140.245.22.7,'140.245.22.7',Vconsol,N/A
140.245.22.4,140.245.22.4,dash.phoenixwings.cloud,Let's Encrypt,N/A
140.245.21.247,140.245.21.247,hcp.streamtipz.in,Let's Encrypt,N/A
140.245.21.232,140.245.21.232,lohanabuy.com,Let's Encrypt,N/A
140.245.21.221,140.245.21.221,gtplbroadband.com,DigiCert Inc,N/A
140.245.21.180,140.245.21.180,anirudh.ydns.eu,Let's Encrypt,N/A
140.245.21.176,140.245.21.176,0i.zerointegration.com,Let's Encrypt,N/A
140.245.65.117,140.245.65.117,kor-naive.slimheart.dpdns.org,Let's Encrypt,N/A
140.245.65.133,140.245.65.133,ko2.servu.top,Let's Encrypt,N/A
140.245.21.100,140.245.21.100,CloudFlare Origin Certificate,"CloudFlare, Inc.",N/A
140.245.65.140,140.245.65.140,cc.jhyl.bid,Let's Encrypt,N/A
140.245.21.97,140.245.21.97,CloudFlare Origin Certificate,"CloudFlare, Inc.",N/A
140.245.65.195,140.245.65.195,*.wargaming.net,DigiCert Inc,N/A
140.245.65.209,140.245.65.209,134.185.117.230,EunsaemChurch,N/A
140.245.21.25,140.245.21.25,api.jsonreader.com,Let's Encrypt,N/A
140.245.65.244,140.245.65.244,cloudflare-dns.com,SSL Corp,N/A
140.245.20.239,140.245.20.239,panel2.outcastnode.xyz,Let's Encrypt,N/A
140.245.20.237,140.245.20.237,bill.cloudnet.one,Let's Encrypt,N/A
140.245.66.13,140.245.66.13,spacex.com,GlobalSign nv-sa,N/A
140.245.66.79,140.245.66.79,*.1024bug.top,ZeroSSL,N/A
140.245.20.155,140.245.20.155,*.apica.io,"GoDaddy.com, Inc.",N/A
140.245.66.98,140.245.66.98,headscale.nimeikancuo.top,Let's Encrypt,N/A
140.245.66.101,140.245.66.101,Kubernetes Ingress Controller Fake Certificate,Acme Co,N/A
140.245.20.108,140.245.20.108,iriseller.com,Let's Encrypt,N/A
140.245.66.123,140.245.66.123,makerji.one,Let's Encrypt,N/A
140.245.20.101,140.245.20.101,aayuhealth.duckdns.org,ZeroSSL,N/A
140.245.20.90,140.245.20.90,api.gojourneyjunction.com,Let's Encrypt,N/A
140.245.20.75,140.245.20.75,Kubernetes Ingress Controller Fake Certificate,Acme Co,N/A
140.245.66.164,140.245.66.164,omyfnc.kr,Let's Encrypt,N/A
140.245.20.72,140.245.20.72,nunchaku.chintan.ai,Let's Encrypt,N/A
140.245.20.46,140.245.20.46,*.facemimic-ai.com,DigiCert Inc,N/A
140.245.20.44,140.245.20.44,cp.tecis.in,Let's Encrypt,N/A
140.245.20.35,140.245.20.35,*.eschoolapp.in,Let's Encrypt,N/A
140.245.20.20,140.245.20.20,*.thinkowl-preprod.com,Let's Encrypt,N/A
140.245.20.4,140.245.20.4,homeassistant.sandesh-ghimire.com.np,Let's Encrypt,N/A
140.245.66.220,140.245.66.220,*.bronto.space,Let's Encrypt,N/A
140.245.66.250,140.245.66.250,CloudFlare Origin Certificate,"CloudFlare, Inc.",N/A
140.245.19.217,140.245.19.217,hestia.qurantharjima.online,Hestia Control Panel,N/A
140.245.19.201,140.245.19.201,Kubernetes Ingress Controller Fake Certificate,Acme Co,N/A
140.245.67.62,140.245.67.62,poker.boksl.com,Let's Encrypt,N/A
140.245.19.159,140.245.19.159,gadxget.com,Let's Encrypt,N/A
140.245.67.92,140.245.67.92,Common Name,Organization,N/A
140.245.19.132,140.245.19.132,as.gogram.fun,Let's Encrypt,N/A
140.245.19.106,140.245.19.106,api.sedata-ai.tech,Let's Encrypt,N/A
140.245.19.99,140.245.19.99,tourismbeast.com,Let's Encrypt,N/A
140.245.67.139,140.245.67.139,CloudFlare Origin Certificate,"CloudFlare, Inc.",N/A
140.245.19.33,140.245.19.33,Common Name,Organization,N/A
140.245.67.214,140.245.67.214,CloudFlare Origin Certificate,"CloudFlare, Inc.",N/A
140.245.19.9,140.245.19.9,municipalflex.com,Let's Encrypt,N/A
140.245.67.229,140.245.67.229,bioceo.logictree.app,Let's Encrypt,N/A
140.245.19.0,140.245.19.0,heaveninvestment.heavengroup.in,Let's Encrypt,N/A
140.245.67.251,140.245.67.251,www.wav8.com,Let's Encrypt,N/A
140.245.67.255,140.245.67.255,CloudFlare Origin Certificate,"CloudFlare, Inc.",N/A
140.245.18.239,140.245.18.239,Cloudflare,"Cloudflare, Inc.",N/A
140.245.18.180,140.245.18.180,nepsedata.com,Let's Encrypt,N/A
140.245.18.179,140.245.18.179,Kubernetes Ingress Controller Fake Certificate,Acme Co,N/A
140.245.18.145,140.245.18.145,panel.vextorahosting.fun,Let's Encrypt,N/A
140.245.68.113,140.245.68.113,www.google.com,Google Trust Services,N/A
140.245.18.104,140.245.18.104,bharatai.strangled.net,Let's Encrypt,N/A
140.245.68.132,140.245.68.132,Kubernetes Ingress Controller Fake Certificate,Acme Co,N/A
140.245.68.125,140.245.68.125,mockserver.site,Let's Encrypt,N/A
140.245.18.92,140.245.18.92,mail.exteed.com,Let's Encrypt,N/A
140.245.68.147,140.245.68.147,ant.xgiu.com,Let's Encrypt,N/A
140.245.18.90,140.245.18.90,CloudFlare Origin Certificate,"CloudFlare, Inc.",N/A
140.245.68.153,140.245.68.153,ryti.kr,Let's Encrypt,N/A
140.245.68.167,140.245.68.167,*.softagape.com,Let's Encrypt,N/A
140.245.17.244,140.245.17.244,in.configured.cc,Let's Encrypt,N/A
140.245.68.240,140.245.68.240,splunk.77420142.xyz,Let's Encrypt,N/A
140.245.69.34,140.245.69.34,sni.eliv.kr,Google Trust Services,N/A
140.245.17.195,140.245.17.195,theskillsets.com,Dis,N/A
140.245.69.29,140.245.69.29,cloudflare-dns.com,SSL Corp,N/A
140.245.17.155,140.245.17.155,n8n.loopnest.in,Let's Encrypt,N/A
140.245.69.89,140.245.69.89,augment.wxnext.top,Let's Encrypt,N/A
140.245.69.91,140.245.69.91,api.sismvp.com,Let's Encrypt,N/A
140.245.17.121,140.245.17.121,dify.star7gaurav.in,Let's Encrypt,N/A
140.245.17.118,140.245.17.118,tusharadguard.duckdns.org,Let's Encrypt,N/A
140.245.17.115,140.245.17.115,*.tipi.local,runtipi.io,N/A
140.245.17.90,140.245.17.90,Kubernetes Ingress Controller Fake Certificate,Acme Co,N/A
140.245.69.149,140.245.69.149,Kubernetes Ingress Controller Fake Certificate,Acme Co,N/A
140.245.69.152,140.245.69.152,miraetech.net,Let's Encrypt,N/A
140.245.17.78,140.245.17.78,gamestelk.my.id,Hestia Control Panel,N/A
140.245.17.59,140.245.17.59,rajdev.online,Let's Encrypt,N/A
140.245.69.197,140.245.69.197,amd.jisenxu.dpdns.org,Let's Encrypt,N/A
140.245.69.206,140.245.69.206,pass.gzautobot.top,Let's Encrypt,N/A
140.245.17.24,140.245.17.24,*.tendertiger.co.in,"GoDaddy.com, Inc.",N/A
140.245.69.247,140.245.69.247,Kubernetes Ingress Controller Fake Certificate,Acme Co,N/A
140.245.16.235,140.245.16.235,joyy.com,"DigiCert, Inc.",N/A
140.245.70.13,140.245.70.13,kr03.jixiang.link,Let's Encrypt,N/A
140.245.70.18,140.245.70.18,www.sjh99.shop,Let's Encrypt,N/A
140.245.16.218,140.245.16.218,n8nworkspace.dpdns.org,Let's Encrypt,N/A
140.245.16.215,140.245.16.215,joyy.com,"DigiCert, Inc.",N/A
140.245.16.186,140.245.16.186,CloudFlare Origin Certificate,"CloudFlare, Inc.",N/A
140.245.70.116,140.245.70.116,www.google.com,Google Trust Services,N/A
140.245.70.104,140.245.70.104,openlitespeed.host,LiteSpeedCommunity,N/A
140.245.70.115,140.245.70.115,kesa.uk,Let's Encrypt,N/A
140.245.70.149,140.245.70.149,repertory.cloud,Let's Encrypt,N/A
140.245.70.164,140.245.70.164,auth.camcorder.kr,Let's Encrypt,N/A
140.245.16.72,140.245.16.72,Kubernetes Ingress Controller Fake Certificate,Acme Co,N/A
140.245.70.177,140.245.70.177,CloudFlare Origin Certificate,"CloudFlare, Inc.",N/A
140.245.70.197,140.245.70.197,d339.top,ZeroSSL,N/A
140.245.16.36,140.245.16.36,axpert.eswaranerp.com,"GoDaddy.com, Inc.",N/A
140.245.16.28,140.245.16.28,CloudFlare Origin Certificate,"CloudFlare, Inc.",N/A
140.245.70.216,140.245.70.216,cgprojectleaderboard.duckdns.org,Let's Encrypt,N/A
140.245.71.26,140.245.71.26,yahoo.com,DigiCert Inc,N/A
140.245.71.60,140.245.71.60,CloudFlare Origin Certificate,"CloudFlare, Inc.",N/A
140.245.15.151,140.245.15.151,joyy.com,"DigiCert, Inc.",N/A
140.245.71.107,140.245.71.107,api.gdgoc.com,Let's Encrypt,N/A
140.245.15.112,140.245.15.112,songapi.thakur.dev,Let's Encrypt,N/A
140.245.71.120,140.245.71.120,www.sskr.one,ZeroSSL,N/A
140.245.15.94,140.245.15.94,erp.acenarglobal.com,Let's Encrypt,N/A
140.245.15.83,140.245.15.83,www.tendertiger.in,"GoDaddy.com, Inc.",N/A
140.245.71.193,140.245.71.193,Kubernetes Ingress Controller Fake Certificate,Acme Co,N/A
140.245.15.44,140.245.15.44,legacy.thenextgentechinsider.com,Let's Encrypt,N/A
140.245.15.41,140.245.15.41,inpharmaco.in,Let's Encrypt,N/A
140.245.71.192,140.245.71.192,*.aipf01.shop,Let's Encrypt,N/A
140.245.15.9,140.245.15.9,Kubernetes Ingress Controller Fake Certificate,Acme Co,N/A
140.245.14.251,140.245.14.251,Kubernetes Ingress Controller Fake Certificate,Acme Co,N/A
140.245.14.232,140.245.14.232,Kubernetes Ingress Controller Fake Certificate,Acme Co,N/A
140.245.72.0,140.245.72.0,nz.allenking.top,Let's Encrypt,N/A
140.245.14.226,140.245.14.226,elk.testingmestingfesting988776655.site,Let's Encrypt,N/A
140.245.72.22,140.245.72.22,moree-linker.com,Let's Encrypt,N/A
140.245.72.60,140.245.72.60,CloudFlare Origin Certificate,"CloudFlare, Inc.",N/A
140.245.72.69,140.245.72.69,recobar.com,Let's Encrypt,N/A
140.245.14.146,140.245.14.146,omumbai1b.production.livekit.app,Let's Encrypt,N/A
140.245.14.139,140.245.14.139,api.healnixa.com,Let's Encrypt,N/A
140.245.14.125,140.245.14.125,*.rong-rtc.com,"TrustAsia Technologies, Inc.",N/A
140.245.72.131,140.245.72.131,misaka.si,Let's Encrypt,N/A
140.245.14.98,140.245.14.98,joyy.com,"DigiCert, Inc.",N/A
140.245.14.78,140.245.14.78,traverse-universe.com,Let's Encrypt,N/A
140.245.72.190,140.245.72.190,api.mecipe.com,Let's Encrypt,N/A
140.245.14.42,140.245.14.42,CloudFlare Origin Certificate,"CloudFlare, Inc.",N/A
140.245.72.202,140.245.72.202,atubn.ghixwipm.com,Google Trust Services,N/A
140.245.14.11,140.245.14.11,bhandarachowk.com,Let's Encrypt,N/A
140.245.72.234,140.245.72.234,cvawar.com,Let's Encrypt,N/A
140.245.14.0,140.245.14.0,jenkins.nimeshahir.cloud,Let's Encrypt,N/A
140.245.13.242,140.245.13.242,cloud.truvisionfilms.studio,Let's Encrypt,N/A
140.245.13.238,140.245.13.238,CloudFlare Origin Certificate,"CloudFlare, Inc.",N/A
140.245.73.22,140.245.73.22,api.crd.monster,Let's Encrypt,N/A
140.245.13.209,140.245.13.209,sadmin.searshor.com,Let's Encrypt,N/A
140.245.73.30,140.245.73.30,xn--6rs793afrvxgh.dpdns.org,Let's Encrypt,N/A
140.245.13.150,140.245.13.150,CloudFlare Origin Certificate,"CloudFlare, Inc.",N/A
140.245.73.83,140.245.73.83,CloudFlare Origin Certificate,"CloudFlare, Inc.",N/A
140.245.73.86,140.245.73.86,exdict.site,Let's Encrypt,N/A
140.245.13.136,140.245.13.136,n8nfordt.duckdns.org,Let's Encrypt,N/A
140.245.73.99,140.245.73.99,telem.api.pradify.org,Let's Encrypt,N/A
140.245.13.126,140.245.13.126,server.yottaserver.in,Let's Encrypt,N/A
140.245.73.129,140.245.73.129,CloudFlare Origin Certificate,"CloudFlare, Inc.",N/A
140.245.13.108,140.245.13.108,alankritabanerjee.com,Let's Encrypt,N/A
140.245.13.104,140.245.13.104,*.abhishekbhatt.tech,Let's Encrypt,N/A
140.245.73.136,140.245.73.136,hottyjeff.com,Let's Encrypt,N/A
140.245.13.78,140.245.13.78,earnezy.in,Let's Encrypt,N/A
140.245.13.63,140.245.13.63,*.7j.game,SSL Corporation,N/A
140.245.13.45,140.245.13.45,singularityai.mooo.com,Let's Encrypt,N/A
140.245.13.26,140.245.13.26,client.hxstudios.fun,Let's Encrypt,N/A
140.245.12.252,140.245.12.252,orv2r.lankai.com,Let's Encrypt,N/A
140.245.12.177,140.245.12.177,api.gyaanmanthan.in,Let's Encrypt,N/A
140.245.12.167,140.245.12.167,portal.datacouch.io,Let's Encrypt,N/A
140.245.74.98,140.245.74.98,theminworld.com,Let's Encrypt,N/A
140.245.12.86,140.245.12.86,*.questionpro.io,Sectigo Limited,N/A
140.245.74.192,140.245.74.192,*.wargaming.net,DigiCert Inc,N/A
140.245.74.226,140.245.74.226,xn--2z1bm6l82h36pz8b.kr,Let's Encrypt,N/A
140.245.74.239,140.245.74.239,CloudFlare Origin Certificate,"CloudFlare, Inc.",N/A
140.245.74.246,140.245.74.246,airflow.lawdigest.cloud,Let's Encrypt,N/A
140.245.75.0,140.245.75.0,localhost,FIT2CLOUD,N/A
140.245.75.6,140.245.75.6,dl7.86482425.xyz,Let's Encrypt,N/A
140.245.11.218,140.245.11.218,Kubernetes Ingress Controller Fake Certificate,Acme Co,N/A
140.245.75.31,140.245.75.31,outpolic.store,Let's Encrypt,N/A
140.245.75.35,140.245.75.35,x.ycy1.cn,Let's Encrypt,N/A
140.245.75.39,140.245.75.39,Kubernetes Ingress Controller Fake Certificate,Acme Co,N/A
140.245.75.42,140.245.75.42,atu2.duckdns.org,Let's Encrypt,N/A
140.245.11.193,140.245.11.193,n8n.triptribe.info,Let's Encrypt,N/A
140.245.11.187,140.245.11.187,cr.ypto.info,Let's Encrypt,N/A
140.245.75.56,140.245.75.56,zeffiro.kr,Let's Encrypt,N/A
140.245.75.60,140.245.75.60,krccarm2.170913.xyz,Let's Encrypt,N/A
140.245.11.173,140.245.11.173,Kubernetes Ingress Controller Fake Certificate,Acme Co,N/A
140.245.11.164,140.245.11.164,joyy.com,"DigiCert, Inc.",N/A
140.245.75.78,140.245.75.78,ock520.53ls0.top,ZeroSSL,N/A
140.245.11.145,140.245.11.145,pmevidyaapps.ncert.gov.in,DigiCert Inc,N/A
140.245.11.125,140.245.11.125,CloudFlare Origin Certificate,"CloudFlare, Inc.",N/A
140.245.75.111,140.245.75.111,localhost,FIT2CLOUD,N/A
140.245.75.121,140.245.75.121,CloudFlare Origin Certificate,"CloudFlare, Inc.",N/A
140.245.11.105,140.245.11.105,chat.purelifeorganicfoods.com,Let's Encrypt,N/A
140.245.11.92,140.245.11.92,asrae-api.purpleskyinfotech.com,Let's Encrypt,N/A
140.245.11.36,140.245.11.36,*.od1.vtiger.ws,GlobalSign nv-sa,N/A
140.245.75.197,140.245.75.197,bifan.withnet.com,Let's Encrypt,N/A
140.245.11.6,140.245.11.6,noirra.tech,Let's Encrypt,N/A
140.245.10.205,140.245.10.205,celeritycloud.com,Let's Encrypt,N/A
140.245.76.41,140.245.76.41,cancer.ajung.co.kr,Let's Encrypt,N/A
140.245.10.135,140.245.10.135,silkfloraldecor.com,Let's Encrypt,N/A
140.245.10.119,140.245.10.119,www.skyverse.fun,Let's Encrypt,N/A
140.245.10.97,140.245.10.97,Kubernetes Ingress Controller Fake Certificate,Acme Co,N/A
140.245.76.95,140.245.76.95,m.jingjia.net,Let's Encrypt,N/A
140.245.76.140,140.245.76.140,api.airbob.cloud,Let's Encrypt,N/A
140.245.76.143,140.245.76.143,*.juncoji.top,Let's Encrypt,N/A
140.245.10.69,140.245.10.69,hindcloud.webs.vc,Let's Encrypt,N/A
140.245.10.67,140.245.10.67,*.vconsol.com,Sectigo Limited,N/A
140.245.10.59,140.245.10.59,azaanism.duckdns.org,Let's Encrypt,N/A
140.245.10.15,140.245.10.15,shop.nexustudios.in,Let's Encrypt,N/A
140.245.77.6,140.245.77.6,admin.aforclinic.xenialsoft.com,Let's Encrypt,N/A
140.245.77.23,140.245.77.23,api.devmkki.cloud,Let's Encrypt,N/A
140.245.76.250,140.245.76.250,CloudFlare Origin Certificate,"CloudFlare, Inc.",N/A
140.245.77.35,140.245.77.35,223210.xyz,Let's Encrypt,N/A
140.245.77.101,140.245.77.101,keepmins.com,Let's Encrypt,N/A
140.245.9.93,140.245.9.93,v2ray.evoxdl.me,Let's Encrypt,N/A
140.245.77.206,140.245.77.206,*.tlauncher.org,Sectigo Limited,N/A
140.245.77.255,140.245.77.255,yoru.cropo.dev,Let's Encrypt,N/A
140.245.78.3,140.245.78.3,pan.qsuu.cn,Let's Encrypt,N/A
140.245.8.215,140.245.8.215,*.vconsol.com,Sectigo Limited,N/A
140.245.8.212,140.245.8.212,istanbulpompa.com.tr,Let's Encrypt,N/A
140.245.78.10,140.245.78.10,api.newslit.net,Let's Encrypt,N/A
140.245.78.84,140.245.78.84,drcredit.co.kr,Let's Encrypt,N/A
140.245.78.80,140.245.78.80,and.farewell.my,Let's Encrypt,N/A
140.245.8.96,140.245.8.96,auth.toweltunnel.duckdns.org,Let's Encrypt,N/A
140.245.78.166,140.245.78.166,php.weh.cn,Let's Encrypt,N/A
140.245.8.51,140.245.8.51,dzlens.digiedze.com,Let's Encrypt,N/A
140.245.8.42,140.245.8.42,panel.gramyloth.com,Hestia Control Panel,N/A
140.245.78.211,140.245.78.211,*.o.ivl.is,Cosmos Personal Server CA YyWxn,N/A
140.245.8.2,140.245.8.2,uatapi.cricradio.com.au,Let's Encrypt,N/A
140.245.7.244,140.245.7.244,CloudFlare Origin Certificate,"CloudFlare, Inc.",N/A
140.245.7.221,140.245.7.221,viblio.in,Let's Encrypt,N/A
140.245.79.22,140.245.79.22,dev.skulikelion.site,Let's Encrypt,N/A
140.245.7.156,140.245.7.156,*.sirionlabs.tech,DigiCert Inc,N/A
140.245.7.153,140.245.7.153,*.vconsol.com,Sectigo Limited,N/A
140.245.7.150,140.245.7.150,audio.mooo.info,Let's Encrypt,N/A
140.245.7.115,140.245.7.115,panel.atwg.xyz,Let's Encrypt,N/A
140.245.7.105,140.245.7.105,sivakodur.shop,Let's Encrypt,N/A
140.245.7.85,140.245.7.85,bkbrahma.in,Let's Encrypt,N/A
140.245.79.197,140.245.79.197,sunnyworld.duckdns.org,Let's Encrypt,N/A
140.245.7.3,140.245.7.3,CloudFlare Origin Certificate,"CloudFlare, Inc.",N/A
140.245.6.252,140.245.6.252,mail.aryan.name.np,Let's Encrypt,N/A
140.245.6.247,140.245.6.247,auto.omsingh.me,Let's Encrypt,N/A
140.245.6.221,140.245.6.221,Kubernetes Ingress Controller Fake Certificate,Acme Co,N/A
140.245.6.206,140.245.6.206,abhyuday.io,Let's Encrypt,N/A
140.245.6.137,140.245.6.137,mail.violynaz.my.id,Let's Encrypt,N/A
140.245.6.91,140.245.6.91,autrex.in,Let's Encrypt,N/A
140.245.6.70,140.245.6.70,dbe.net.in,Let's Encrypt,N/A
140.245.80.187,140.245.80.187,*.jshir.com,Let's Encrypt,N/A
140.245.6.26,140.245.6.26,panel.kanakxd.me,Let's Encrypt,N/A
140.245.5.254,140.245.5.254,CloudFlare Origin Certificate,"CloudFlare, Inc.",N/A
140.245.5.232,140.245.5.232,Generic SSL Certificate,NA,N/A
140.245.5.210,140.245.5.210,CloudFlare Origin Certificate,"CloudFlare, Inc.",N/A
140.245.81.48,140.245.81.48,localhost,FIT2CLOUD,N/A
140.245.5.165,140.245.5.165,krishnendub.online,Let's Encrypt,N/A
140.245.81.84,140.245.81.84,zenk.gv.uy,Let's Encrypt,N/A
140.245.81.96,140.245.81.96,blog.seesaa.jp,Let's Encrypt,N/A
140.245.81.102,140.245.81.102,*.thinkowl.jp,Let's Encrypt,N/A
140.245.81.100,140.245.81.100,jpo01.vpn.yuka.tw,Let's Encrypt,N/A
140.245.5.99,140.245.5.99,host.mobicr.com,Let's Encrypt,N/A
140.245.5.90,140.245.5.90,optigroww.in,Let's Encrypt,N/A
140.245.5.47,140.245.5.47,wanderingsourav.in,Dis,N/A
140.245.5.37,140.245.5.37,litpages.com,Let's Encrypt,N/A
140.245.5.4,140.245.5.4,140.245.5.4,Al-Rehman-Traders,N/A
140.245.5.3,140.245.5.3,Kubernetes Ingress Controller Fake Certificate,Acme Co,N/A
140.245.5.1,140.245.5.1,panel.zeusinstitute.com,Let's Encrypt,N/A
140.245.82.2,140.245.82.2,llcstudio.com,Let's Encrypt,N/A
140.245.82.82,140.245.82.82,t.byhui.com,Let's Encrypt,N/A
140.245.4.153,140.245.4.153,'140.245.4.153',Vconsol,N/A
140.245.4.144,140.245.4.144,prometheus.techinject.co.in,Let's Encrypt,N/A
140.245.4.128,140.245.4.128,vcn07141556.oraclevcn.com,MyCompany,N/A
140.245.4.96,140.245.4.96,*.ninjacart.in,"GoDaddy.com, Inc.",N/A
140.245.4.85,140.245.4.85,*.yl.n3y.in,Let's Encrypt,N/A
140.245.83.167,140.245.83.167,jtes.anyiot.cloudns.be,Let's Encrypt,N/A
140.245.83.246,140.245.83.246,mail.002320.xyz,ZeroSSL,N/A
140.245.83.250,140.245.83.250,cloudcam.local,CloudCam,N/A
140.245.84.49,140.245.84.49,*.devdesk.site,ZeroSSL,N/A
140.245.84.101,140.245.84.101,djamd.cucc.hidns.vip,Let's Encrypt,N/A
140.245.84.171,140.245.84.171,yahoo.com,DigiCert Inc,N/A
140.245.84.195,140.245.84.195,t.rooi.eu.org,Let's Encrypt,N/A
140.245.85.19,140.245.85.19,*.bc902319625769e7a332b5941b9e1dbe2c24d1f2.a.ludevices.com,Let's Encrypt,N/A
140.245.85.63,140.245.85.63,rea.gcpgcp.eu.org,Let's Encrypt,N/A
140.245.85.101,140.245.85.101,www.cloudflare.com,Google Trust Services,N/A
140.245.85.223,140.245.85.223,0xhares.io,Let's Encrypt,N/A
140.245.86.33,140.245.86.33,jp1.tsmc.rr.nu,ZeroSSL,N/A
140.245.86.49,140.245.86.49,stg-admin.atwill-net.com,Let's Encrypt,N/A
140.245.86.52,140.245.86.52,Common Name,Organization,N/A
140.245.86.69,140.245.86.69,filmlive.guangyinxuetu.shop,Let's Encrypt,N/A
140.245.86.114,140.245.86.114,o-ty.20140523.xyz,Let's Encrypt,N/A
140.245.86.105,140.245.86.105,www.cloudflare.com,Google Trust Services,N/A
140.245.86.141,140.245.86.141,llcstudio.com,Let's Encrypt,N/A
140.245.86.188,140.245.86.188,Kubernetes Ingress Controller Fake Certificate,Acme Co,N/A
140.245.87.111,140.245.87.111,CloudFlare Origin Certificate,"CloudFlare, Inc.",N/A
140.245.87.112,140.245.87.112,*.kimwai.com,Let's Encrypt,N/A
140.245.87.98,140.245.87.98,3kjs.com,Let's Encrypt,N/A
140.245.87.141,140.245.87.141,demo,demo.com,N/A
140.245.87.169,140.245.87.169,wp.amw1933.cn,Let's Encrypt,N/A
140.245.87.172,140.245.87.172,*.necvrcloud.jp,GlobalSign nv-sa,N/A
140.245.87.247,140.245.87.247,test.mks45.eu.org,Let's Encrypt,N/A
140.245.87.234,140.245.87.234,webservers.duckdns.org,Let's Encrypt,N/A
140.245.88.48,140.245.88.48,jp.3331111.xyz,Let's Encrypt,N/A
140.245.88.239,140.245.88.239,140.245.88.239,宝塔面板,N/A
140.245.89.49,140.245.89.49,*.d819fd86b5d6308d64a8166a53f5a12f39cea4f3.a.ludevices.com,Let's Encrypt,N/A
140.245.89.60,140.245.89.60,www.adclair.co.jp,GlobalSign nv-sa,N/A
140.245.89.66,140.245.89.66,*.dev.dxa.me,Let's Encrypt,N/A
140.245.89.118,140.245.89.118,moka-meline.com,Sectigo Limited,N/A
140.245.89.152,140.245.89.152,CloudFlare Origin Certificate,"CloudFlare, Inc.",N/A
140.245.90.7,140.245.90.7,xtom.jp,ZeroSSL,N/A
140.245.90.94,140.245.90.94,CloudFlare Origin Certificate,"CloudFlare, Inc.",N/A
140.245.90.133,140.245.90.133,jp.567899.xyz,Let's Encrypt,N/A
140.245.90.135,140.245.90.135,mail.kk77.jp,Let's Encrypt,N/A
140.245.90.208,140.245.90.208,aion.45mb.com,Let's Encrypt,N/A
140.245.90.224,140.245.90.224,openapi.7kp2rx9mqd.com,Let's Encrypt,N/A
140.245.91.16,140.245.91.16,aapanel.soularthk.com,Let's Encrypt,N/A
140.245.91.29,140.245.91.29,*.ilojoli.com,Let's Encrypt,N/A
140.245.91.61,140.245.91.61,Kubernetes Ingress Controller Fake Certificate,Acme Co,N/A
140.245.92.37,140.245.92.37,*.prd.prd.tech.lucidhq.cloud,Amazon,N/A
140.245.92.100,140.245.92.100,Common Name,Organization,N/A
140.245.92.121,140.245.92.121,llcstudio.com,Let's Encrypt,N/A
140.245.92.162,140.245.92.162,*.bluememe.co.jp,Sectigo Limited,N/A
140.245.92.201,140.245.92.201,kefu.chonggpt.com,Let's Encrypt,N/A
140.245.93.110,140.245.93.110,toy.maoyx.fun,ZeroSSL,N/A
140.245.93.111,140.245.93.111,www.cloudflare.com,Google Trust Services,N/A
140.245.93.186,140.245.93.186,bioai.ip-ddns.com,Let's Encrypt,N/A
140.245.93.237,140.245.93.237,Kubernetes Ingress Controller Fake Certificate,Acme Co,N/A
140.245.94.172,140.245.94.172,obsidian.tokyo.api.dns-dynamic.net,Let's Encrypt,N/A
140.245.95.91,140.245.95.91,amd3.5441895.xyz,Let's Encrypt,N/A
140.245.95.114,140.245.95.114,oci.cbu.net,Let's Encrypt,N/A
140.245.96.96,140.245.96.96,api.x2tk.com,Let's Encrypt,N/A
140.245.96.99,140.245.96.99,cp.gaza-host.store,Let's Encrypt,N/A
140.245.96.227,140.245.96.227,minecraft.hugenuf.xyz,Let's Encrypt,N/A
140.245.96.248,140.245.96.248,files3.templatepremiereprofree.com,Let's Encrypt,N/A
140.245.97.106,140.245.97.106,Cloudflare,"Cloudflare, Inc.",N/A
140.245.97.120,140.245.97.120,localhost,FIT2CLOUD,N/A
140.245.97.130,140.245.97.130,fdpo-03.fdpass.online,Let's Encrypt,N/A
140.245.97.171,140.245.97.171,localhost,FIT2CLOUD,N/A
140.245.97.174,140.245.97.174,muahangngoai.vn,Let's Encrypt,N/A
140.245.97.193,140.245.97.193,CloudFlare Origin Certificate,"CloudFlare, Inc.",N/A
140.245.97.233,140.245.97.233,Kubernetes Ingress Controller Fake Certificate,Acme Co,N/A
140.245.98.106,140.245.98.106,7070.180150.xyz,Let's Encrypt,N/A
140.245.98.175,140.245.98.175,cloudflare-dns.com,SSL Corp,N/A
140.245.98.183,140.245.98.183,Kubernetes Ingress Controller Fake Certificate,Acme Co,N/A
140.245.99.56,140.245.99.56,erp.shingting.com,Let's Encrypt,N/A
140.245.99.62,140.245.99.62,*.775201314.xyz,Let's Encrypt,N/A
140.245.99.67,140.245.99.67,amdnode.farted.net,Let's Encrypt,N/A
140.245.99.73,140.245.99.73,000.089800.xyz,Let's Encrypt,N/A
140.245.99.90,140.245.99.90,Common Name,Organization,N/A
140.245.99.105,140.245.99.105,cxmiao.com,Let's Encrypt,N/A
140.245.99.125,140.245.99.125,localhost.localdomain,Dis,N/A
140.245.99.128,140.245.99.128,localhost,FIT2CLOUD,N/A
140.245.99.217,140.245.99.217,*.prangroup.com,GoGetSSL,N/A
140.245.99.248,140.245.99.248,Common Name,Organization,N/A
140.245.100.29,140.245.100.29,CloudFlare Origin Certificate,"CloudFlare, Inc.",N/A
140.245.100.38,140.245.100.38,ebus.ulap.net,Let's Encrypt,N/A
140.245.100.143,140.245.100.143,sg.cc.188186.xyz,Let's Encrypt,N/A
140.245.101.98,140.245.101.98,xr.shiguangkai.xyz,Let's Encrypt,N/A
140.245.101.107,140.245.101.107,bot1.jyhk.tk,Let's Encrypt,N/A
140.245.101.111,140.245.101.111,alist.chiphu.net,Let's Encrypt,N/A
140.245.101.132,140.245.101.132,Common Name,Organization,N/A
140.245.101.168,140.245.101.168,hs.aiart.pp.ua,Let's Encrypt,N/A
140.245.101.177,140.245.101.177,www.yitconsulting.com,DigiCert Inc,N/A
140.245.101.187,140.245.101.187,localhost,FIT2CLOUD,N/A
140.245.101.214,140.245.101.214,Genx Num,Default Company Ltd,N/A
140.245.101.236,140.245.101.236,CloudFlare Origin Certificate,"CloudFlare, Inc.",N/A
140.245.101.237,140.245.101.237,qinha.com,Let's Encrypt,N/A
140.245.102.71,140.245.102.71,ocs3-sp.2615948.xyz,Let's Encrypt,N/A
140.245.102.88,140.245.102.88,al-azhar46.rapor-tk.my.id,Let's Encrypt,N/A
140.245.102.139,140.245.102.139,sg1312.cqsbs.top,Let's Encrypt,N/A
140.245.102.142,140.245.102.142,localhost,FIT2CLOUD,N/A
140.245.102.161,140.245.102.161,sgto.eu.org,Let's Encrypt,N/A
140.245.102.164,140.245.102.164,premium.v2rayzone.xyz,Let's Encrypt,N/A
140.245.102.192,140.245.102.192,*.sgi.visionone.trendmicro.com,Trend Micro Inc.,N/A
140.245.102.254,140.245.102.254,Common Name,Organization,N/A
140.245.103.30,140.245.103.30,blackhole,Dis,N/A
140.245.103.63,140.245.103.63,chatapi.copythingz.shop,Let's Encrypt,N/A
140.245.103.75,140.245.103.75,bobei.khitshu.com,Let's Encrypt,N/A
140.245.103.126,140.245.103.126,Kubernetes Ingress Controller Fake Certificate,Acme Co,N/A
140.245.103.255,140.245.103.255,myadguard.hellokiki.my.id,Let's Encrypt,N/A
140.245.104.23,140.245.104.23,b1.mios.fun,Let's Encrypt,N/A
140.245.104.34,140.245.104.34,*.convay.com,Sectigo Limited,N/A
140.245.104.40,140.245.104.40,dget.top,Let's Encrypt,N/A
140.245.104.42,140.245.104.42,Kubernetes Ingress Controller Fake Certificate,Acme Co,N/A
140.245.104.65,140.245.104.65,oraclesg.solarsystem.icu,Let's Encrypt,N/A
140.245.104.88,140.245.104.88,localhost,FIT2CLOUD,N/A
140.245.104.123,140.245.104.123,CloudFlare Origin Certificate,"CloudFlare, Inc.",N/A
140.245.104.127,140.245.104.127,*.prod.acquia-sites.com,Sectigo Limited,N/A
140.245.104.191,140.245.104.191,authen.myaddr.io,Let's Encrypt,N/A
140.245.105.64,140.245.105.64,sg-01.233588.xyz,Let's Encrypt,N/A
140.245.105.87,140.245.105.87,bsrealm.net,Let's Encrypt,N/A
140.245.105.95,140.245.105.95,xpp.cloudsfla.top,Let's Encrypt,N/A
140.245.105.103,140.245.105.103,ai.dreemurrs.eu.org,Let's Encrypt,N/A
140.245.105.108,140.245.105.108,tendon.nsuee.com,Let's Encrypt,N/A
140.245.105.191,140.245.105.191,*.114515.best,Let's Encrypt,N/A
140.245.105.195,140.245.105.195,Common Name,Organization,N/A
140.245.105.198,140.245.105.198,Cloudflare,"Cloudflare, Inc.",N/A
140.245.105.201,140.245.105.201,uat.mailix.vn,Let's Encrypt,N/A
140.245.105.230,140.245.105.230,CloudFlare Origin Certificate,"CloudFlare, Inc.",N/A
140.245.105.238,140.245.105.238,*.hypergsecurity.com,Amazon,N/A
140.245.105.255,140.245.105.255,*.convay.com,Sectigo Limited,N/A
140.245.106.40,140.245.106.40,*.simpkb.id,GlobalSign nv-sa,N/A
140.245.106.69,140.245.106.69,localhost,Kong,N/A
140.245.106.70,140.245.106.70,deploy.ebuz.xyz,Let's Encrypt,N/A
140.245.106.77,140.245.106.77,aitool.zyqok.com,Let's Encrypt,N/A
140.245.106.104,140.245.106.104,*.hnbgeneral.com,DigiCert Inc,N/A
140.245.106.171,140.245.106.171,5202885.xyz,Let's Encrypt,N/A
140.245.106.201,140.245.106.201,freesiax.work,Let's Encrypt,N/A
140.245.106.217,140.245.106.217,Common Name,Organization,N/A
140.245.106.229,140.245.106.229,cyeron.duckdns.org,Let's Encrypt,N/A
140.245.107.61,140.245.107.61,008898.xyz,Let's Encrypt,N/A
140.245.107.86,140.245.107.86,sg.wmygt.com,Let's Encrypt,N/A
140.245.107.121,140.245.107.121,academic.o-pen.cloud,Let's Encrypt,N/A
140.245.107.144,140.245.107.144,qinha.com,Let's Encrypt,N/A
140.245.107.176,140.245.107.176,CloudFlare Origin Certificate,"CloudFlare, Inc.",N/A
140.245.107.228,140.245.107.228,*.zrp.dpdns.org,Z,N/A
140.245.107.237,140.245.107.237,*.sgi.visionone.trendmicro.com,Trend Micro Inc.,N/A
140.245.107.243,140.245.107.243,Kubernetes Ingress Controller Fake Certificate,Acme Co,N/A
140.245.108.39,140.245.108.39,google.com,Google Trust Services LLC,N/A
140.245.108.94,140.245.108.94,stuinx.net,Let's Encrypt,N/A
140.245.108.124,140.245.108.124,blackhole,Dis,N/A
140.245.108.140,140.245.108.140,Kubernetes Ingress Controller Fake Certificate,Acme Co,N/A
140.245.108.196,140.245.108.196,do.himscloud.uk,Let's Encrypt,N/A
140.245.108.244,140.245.108.244,budget.yuri.dedyn.io,Let's Encrypt,N/A
140.245.109.58,140.245.109.58,v2ray1997.online,Let's Encrypt,N/A
140.245.109.123,140.245.109.123,surppass.com,Let's Encrypt,N/A
140.245.109.129,140.245.109.129,Kubernetes Ingress Controller Fake Certificate,Acme Co,N/A
140.245.109.140,140.245.109.140,CloudFlare Origin Certificate,"CloudFlare, Inc.",N/A
140.245.109.174,140.245.109.174,Kubernetes Ingress Controller Fake Certificate,Acme Co,N/A
140.245.109.178,140.245.109.178,Kubernetes Ingress Controller Fake Certificate,Acme Co,N/A
140.245.109.198,140.245.109.198,Common Name,Organization,N/A
140.245.109.201,140.245.109.201,standardbank.co.za,Let's Encrypt,N/A
140.245.109.206,140.245.109.206,CloudFlare Origin Certificate,"CloudFlare, Inc.",N/A
140.245.109.220,140.245.109.220,aa.134567.xyz,Let's Encrypt,N/A
140.245.109.223,140.245.109.223,aegisnx.com,Let's Encrypt,N/A
140.245.109.244,140.245.109.244,Kubernetes Ingress Controller Fake Certificate,Acme Co,N/A
140.245.110.7,140.245.110.7,Common Name,Organization,N/A
140.245.110.26,140.245.110.26,Kubernetes Ingress Controller Fake Certificate,Acme Co,N/A
140.245.110.54,140.245.110.54,oracle.udr.qzz.io,Let's Encrypt,N/A
140.245.110.136,140.245.110.136,Common Name,Organization,N/A
140.245.110.149,140.245.110.149,CloudFlare Origin Certificate,"CloudFlare, Inc.",N/A
140.245.110.207,140.245.110.207,localhost,FIT2CLOUD,N/A
140.245.110.208,140.245.110.208,chivefarm.uk,Let's Encrypt,N/A
140.245.111.41,140.245.111.41,CloudFlare Origin Certificate,"CloudFlare, Inc.",N/A
140.245.111.49,140.245.111.49,localhost,Kong,N/A
140.245.111.84,140.245.111.84,ocs4-sp.2615948.xyz,Let's Encrypt,N/A
140.245.111.188,140.245.111.188,pixez.yuguo.eu.org,Let's Encrypt,N/A
140.245.111.190,140.245.111.190,sin.ruixing.fun,Let's Encrypt,N/A
140.245.111.193,140.245.111.193,xyyun.cc,"TrustAsia Technologies, Inc.",N/A
140.245.111.196,140.245.111.196,Common Name,Organization,N/A
140.245.111.210,140.245.111.210,CloudFlare Origin Certificate,"CloudFlare, Inc.",N/A
140.245.111.213,140.245.111.213,yahoo.com,DigiCert Inc,N/A
140.245.111.223,140.245.111.223,neo-netsoft.com,Let's Encrypt,N/A
140.245.111.254,140.245.111.254,localhost,FIT2CLOUD,N/A
140.245.112.31,140.245.112.31,cloudflare-dns.com,SSL Corp,N/A
140.245.112.100,140.245.112.100,git.inovaitsys.com,Let's Encrypt,N/A
140.245.112.109,140.245.112.109,fdpo-01.fdpass.online,ZeroSSL,N/A
140.245.112.122,140.245.112.122,sg-oc-c-3.designart.cc,Let's Encrypt,N/A
140.245.112.183,140.245.112.183,madmobile.store,Let's Encrypt,N/A
140.245.112.250,140.245.112.250,cloud.hosting06.com,Let's Encrypt,N/A
140.245.113.7,140.245.113.7,*.convay.com,Sectigo Limited,N/A
140.245.113.10,140.245.113.10,CloudFlare Origin Certificate,"CloudFlare, Inc.",N/A
140.245.113.42,140.245.113.42,fungps-staging.xyz,Let's Encrypt,N/A
140.245.113.69,140.245.113.69,mail.simrsrizani.live,Let's Encrypt,N/A
140.245.113.123,140.245.113.123,vpsnerd.com,Let's Encrypt,N/A
140.245.113.125,140.245.113.125,shop.netssr.top,Let's Encrypt,N/A
140.245.113.146,140.245.113.146,asdf.mios.fun,Let's Encrypt,N/A
140.245.113.186,140.245.113.186,Common Name,Organization,N/A
140.245.113.217,140.245.113.217,CloudFlare Origin Certificate,"CloudFlare, Inc.",N/A
140.245.114.13,140.245.114.13,note.jiyueting.com,Let's Encrypt,N/A
140.245.114.48,140.245.114.48,admin.corndrama.com,Let's Encrypt,N/A
140.245.114.55,140.245.114.55,hddcy.dpdns.org,Let's Encrypt,N/A
140.245.114.138,140.245.114.138,localhost,Kong,N/A
140.245.114.160,140.245.114.160,localhost,Kong,N/A
140.245.114.162,140.245.114.162,Kubernetes Ingress Controller Fake Certificate,Acme Co,N/A
140.245.114.173,140.245.114.173,Kubernetes Ingress Controller Fake Certificate,Acme Co,N/A
140.245.114.192,140.245.114.192,app.unires.arka.web.id,Let's Encrypt,N/A
140.245.114.196,140.245.114.196,sgx.fastburg.com,Let's Encrypt,N/A
140.245.114.203,140.245.114.203,Common Name,Organization,N/A
140.245.114.215,140.245.114.215,Cloudflare,"Cloudflare, Inc.",N/A
140.245.114.222,140.245.114.222,Kubernetes Ingress Controller Fake Certificate,Acme Co,N/A
140.245.114.255,140.245.114.255,Kubernetes Ingress Controller Fake Certificate,Acme Co,N/A
140.245.115.11,140.245.115.11,sg04.ssr.ee,Let's Encrypt,N/A
140.245.115.14,140.245.115.14,xjpamd2.53530100.xyz,Let's Encrypt,N/A
140.245.115.24,140.245.115.24,dl.izip.us,Let's Encrypt,N/A
140.245.115.76,140.245.115.76,CloudFlare Origin Certificate,"CloudFlare, Inc.",N/A
140.245.115.147,140.245.115.147,yahoo.com,DigiCert Inc,N/A
140.245.115.170,140.245.115.170,*.nextersglobal.com,DigiCert Inc,N/A
140.245.115.201,140.245.115.201,api.wyattzheng.eu.org,Let's Encrypt,N/A
140.245.115.237,140.245.115.237,hocautocad.com,Let's Encrypt,N/A
140.245.116.11,140.245.116.11,aikei.my.id,Let's Encrypt,N/A
140.245.116.39,140.245.116.39,tuxnado.site,Let's Encrypt,N/A
140.245.116.68,140.245.116.68,cp.huynd.io.vn,Let's Encrypt,N/A
140.245.116.166,140.245.116.166,Lucky,lucky666CN,N/A
140.245.116.176,140.245.116.176,api.miftahrahmat.com,Let's Encrypt,N/A
140.245.117.56,140.245.117.56,hestiacp.freeoff.online,Let's Encrypt,N/A
140.245.117.90,140.245.117.90,naasbackend.ddnsfree.com,Let's Encrypt,N/A
140.245.117.115,140.245.117.115,*.pubeasy.io,DigiCert Inc,N/A
140.245.117.152,140.245.117.152,localhost,FIT2CLOUD,N/A
140.245.117.189,140.245.117.189,plex.zhongming.us,Let's Encrypt,N/A
140.245.117.204,140.245.117.204,uvindu.space,Let's Encrypt,N/A
140.245.118.3,140.245.118.3,CloudFlare Origin Certificate,"CloudFlare, Inc.",N/A
140.245.118.64,140.245.118.64,sub.v2raystore.xyz,Let's Encrypt,N/A
140.245.118.65,140.245.118.65,Kubernetes Ingress Controller Fake Certificate,Acme Co,N/A
140.245.118.89,140.245.118.89,bark.hapi.lat,Let's Encrypt,N/A
140.245.118.87,140.245.118.87,webmail.promiedos.com.ar,Let's Encrypt,N/A
140.245.118.100,140.245.118.100,*.qa42-pos.secutix.com,Let's Encrypt,N/A
140.245.118.118,140.245.118.118,panel.hahanoitsu.com,Let's Encrypt,N/A
140.245.118.186,140.245.118.186,CloudFlare Origin Certificate,"CloudFlare, Inc.",N/A
140.245.118.195,140.245.118.195,miemie.cf,Let's Encrypt,N/A
140.245.118.244,140.245.118.244,tesla-hk.zendure.tech,DigiCert Inc,N/A
140.245.119.10,140.245.119.10,500ml.app,Let's Encrypt,N/A
140.245.119.11,140.245.119.11,localhost,Kong,N/A
140.245.119.18,140.245.119.18,Lucky,lucky666CN,N/A
140.245.119.49,140.245.119.49,localhost,FIT2CLOUD,N/A
140.245.119.97,140.245.119.97,a.gy9364.cloudns.org,Let's Encrypt,N/A
140.245.119.110,140.245.119.110,ocs4-sp.2615948.xyz,Let's Encrypt,N/A
140.245.119.117,140.245.119.117,CloudFlare Origin Certificate,"CloudFlare, Inc.",N/A
140.245.119.124,140.245.119.124,*.convay.com,Sectigo Limited,N/A
140.245.119.169,140.245.119.169,Common Name,Organization,N/A
140.245.119.182,140.245.119.182,animeyubi.com,Let's Encrypt,N/A
140.245.120.27,140.245.120.27,ops.090809.xyz,ZeroSSL,N/A
140.245.120.38,140.245.120.38,birantics9.fleetspoke.com,Let's Encrypt,N/A
140.245.120.111,140.245.120.111,localhost,FIT2CLOUD,N/A
140.245.120.131,140.245.120.131,Plesk,Plesk,N/A
140.245.120.191,140.245.120.191,*.tingbao.top,Google Trust Services,N/A
140.245.120.195,140.245.120.195,localhost,FIT2CLOUD,N/A
140.245.120.199,140.245.120.199,laye.wang,Let's Encrypt,N/A
140.245.120.248,140.245.120.248,Common Name,Organization,N/A
140.245.121.1,140.245.121.1,api-blog.dadangutomo.my.id,Let's Encrypt,N/A
140.245.121.14,140.245.121.14,localhost,FIT2CLOUD,N/A
140.245.121.48,140.245.121.48,CloudFlare Origin Certificate,"CloudFlare, Inc.",N/A
140.245.121.74,140.245.121.74,cjhay.me,Let's Encrypt,N/A
140.245.121.165,140.245.121.165,xjp.matiaoer.com,Let's Encrypt,N/A
140.245.121.166,140.245.121.166,hestia.halo.my.id,Let's Encrypt,N/A
140.245.121.198,140.245.121.198,moodle.lric.xyz,Let's Encrypt,N/A
140.245.121.221,140.245.121.221,zen.iamzoro.online,Let's Encrypt,N/A
140.245.122.5,140.245.122.5,api.wshfive.com,ZeroSSL,N/A
140.245.122.10,140.245.122.10,ghcr.gatsby.icu,ZeroSSL,N/A
140.245.122.38,140.245.122.38,demo.ontap.life,Let's Encrypt,N/A
140.245.122.39,140.245.122.39,images.apple.com,Apple Inc.,N/A
140.245.122.87,140.245.122.87,edge01.yahoo.co.jp,"Cybertrust Japan Co., Ltd.",N/A
140.245.122.100,140.245.122.100,Lucky,lucky666CN,N/A
140.245.122.148,140.245.122.148,crypto-flow-upbit.duckdns.org,Let's Encrypt,N/A
140.245.122.186,140.245.122.186,amd2.sssy.eu.org,Let's Encrypt,N/A
140.245.122.187,140.245.122.187,Kubernetes Ingress Controller Fake Certificate,Acme Co,N/A
140.245.122.192,140.245.122.192,o.xcvpn.us,Let's Encrypt,N/A
140.245.122.215,140.245.122.215,Common Name,Organization,N/A
140.245.123.10,140.245.123.10,sp.287331.xyz,Let's Encrypt,N/A
140.245.123.101,140.245.123.101,*.sg.roynz.cn,Let's Encrypt,N/A
140.245.123.114,140.245.123.114,bt.ok888.eu.org,Let's Encrypt,N/A
140.245.123.155,140.245.123.155,Common Name,Organization,N/A
140.245.123.160,140.245.123.160,CloudFlare Origin Certificate,"CloudFlare, Inc.",N/A
140.245.123.188,140.245.123.188,jfnetworks.net,Let's Encrypt,N/A
140.245.123.199,140.245.123.199,Lucky,lucky666CN,N/A
140.245.124.18,140.245.124.18,12171988.xyz,Let's Encrypt,N/A
140.245.124.25,140.245.124.25,cpanel02.teaminfinity.lk,Let's Encrypt,N/A
140.245.124.24,140.245.124.24,*.yahoo.com,DigiCert Inc,N/A
140.245.124.94,140.245.124.94,3216789.xyz,Let's Encrypt,N/A
140.245.124.180,140.245.124.180,testprogram.site,Let's Encrypt,N/A
140.245.124.194,140.245.124.194,decrypt.mfah.me,Let's Encrypt,N/A
140.245.124.214,140.245.124.214,thugserver.duckdns.org,Let's Encrypt,N/A
140.245.124.228,140.245.124.228,sg.vany.site,"TrustAsia Technologies, Inc.",N/A
140.245.124.244,140.245.124.244,localhost,FIT2CLOUD,N/A
140.245.125.1,140.245.125.1,t.sni-820-default.ssl.fastly.net,Certainly,N/A
140.245.125.14,140.245.125.14,*.convay.com,Sectigo Limited,N/A
140.245.125.52,140.245.125.52,chenjian0866.eu.org,Let's Encrypt,N/A
140.245.125.59,140.245.125.59,CloudFlare Origin Certificate,"CloudFlare, Inc.",N/A
140.245.125.109,140.245.125.109,localhost,FIT2CLOUD,N/A
140.245.125.113,140.245.125.113,Kubernetes Ingress Controller Fake Certificate,Acme Co,N/A
140.245.125.147,140.245.125.147,ashbourne.blinklab.com,Let's Encrypt,N/A
140.245.125.172,140.245.125.172,nezha.4us.top,Let's Encrypt,N/A
140.245.125.178,140.245.125.178,CloudFlare Origin Certificate,"CloudFlare, Inc.",N/A
140.245.125.229,140.245.125.229,www.cloudflare.com,Google Trust Services,N/A
140.245.125.236,140.245.125.236,xb.ml200g.top,"TrustAsia Technologies, Inc.",N/A
140.245.126.34,140.245.126.34,didiglobal.com,"DigiCert, Inc.",N/A
140.245.126.63,140.245.126.63,Common Name,Organization,N/A
140.245.126.88,140.245.126.88,hestia.ikikuidigital.com,Let's Encrypt,N/A
140.245.126.119,140.245.126.119,ziprecruiter.com,Google Trust Services,N/A
140.245.126.125,140.245.126.125,ap3.loliconapp.top,ZeroSSL,N/A
140.245.126.173,140.245.126.173,git.myhouses.cloud,MyHouses Cloud,N/A
140.245.126.238,140.245.126.238,*.convay.com,Sectigo Limited,N/A
140.245.127.9,140.245.127.9,Lucky,lucky666CN,N/A
140.245.127.18,140.245.127.18,29qg.com,Let's Encrypt,N/A
140.245.127.22,140.245.127.22,roro.jojccchi.lat,Let's Encrypt,N/A
140.245.127.108,140.245.127.108,alist.gblw.eu.org,Let's Encrypt,N/A
140.245.127.110,140.245.127.110,hehee.dslovedfj.icu,Let's Encrypt,N/A
140.245.127.131,140.245.127.131,192.168.1.1,ASUSWRT-Merlin,N/A
140.245.127.136,140.245.127.136,xui.damro.site,Let's Encrypt,N/A
140.245.127.143,140.245.127.143,myeducation.ewarga.id,Let's Encrypt,N/A
140.245.127.169,140.245.127.169,oraclesingapore.xiejinnan.com,Let's Encrypt,N/A
140.245.127.208,140.245.127.208,cdn.665718.xyz,Let's Encrypt,N/A
140.245.127.231,140.245.127.231,Common Name,Organization,N/A
140.245.132.65,140.245.132.65,*.ap-chuncheon-idcs-2.secure.identity.oci.oraclecloud35.com,DigiCert Inc,N/A
140.245.132.201,140.245.132.201,kubernetes.default,Oracle,N/A
140.245.164.65,140.245.164.65,kubernetes.default,Oracle,N/A
